N,N_UNIQUE,DURATION_NS,DURATION_OVER_N_LOGN,ALGORITHM_TYPE,ALGORITHM_NAME
10,5,30040,1304,SORTING ALGORITHM,MERGE SORT
10,8,16927,735,SORTING ALGORITHM,MERGE SORT
10,10,16927,735,SORTING ALGORITHM,MERGE SORT
10,10,15020,652,SORTING ALGORITHM,MERGE SORT
10,10,15020,652,SORTING ALGORITHM,MERGE SORT
10,10,14066,610,SORTING ALGORITHM,MERGE SORT
10,10,14781,641,SORTING ALGORITHM,MERGE SORT
10,10,14781,641,SORTING ALGORITHM,MERGE SORT
11,8,17166,650,SORTING ALGORITHM,MERGE SORT
11,11,14781,560,SORTING ALGORITHM,MERGE SORT
11,11,17166,650,SORTING ALGORITHM,MERGE SORT
11,11,15974,605,SORTING ALGORITHM,MERGE SORT
11,11,15020,569,SORTING ALGORITHM,MERGE SORT
11,11,15974,605,SORTING ALGORITHM,MERGE SORT
11,11,15020,569,SORTING ALGORITHM,MERGE SORT
11,11,16927,641,SORTING ALGORITHM,MERGE SORT
12,8,23126,775,SORTING ALGORITHM,MERGE SORT
12,12,16927,567,SORTING ALGORITHM,MERGE SORT
12,11,22172,743,SORTING ALGORITHM,MERGE SORT
12,12,16212,543,SORTING ALGORITHM,MERGE SORT
12,12,17166,575,SORTING ALGORITHM,MERGE SORT
12,12,16927,567,SORTING ALGORITHM,MERGE SORT
12,12,16927,567,SORTING ALGORITHM,MERGE SORT
12,12,17166,575,SORTING ALGORITHM,MERGE SORT
14,10,22172,600,SORTING ALGORITHM,MERGE SORT
14,13,21934,593,SORTING ALGORITHM,MERGE SORT
14,14,20980,567,SORTING ALGORITHM,MERGE SORT
14,14,20980,567,SORTING ALGORITHM,MERGE SORT
14,14,21934,593,SORTING ALGORITHM,MERGE SORT
14,14,20980,567,SORTING ALGORITHM,MERGE SORT
14,14,20980,567,SORTING ALGORITHM,MERGE SORT
14,14,20980,567,SORTING ALGORITHM,MERGE SORT
15,10,25033,616,SORTING ALGORITHM,MERGE SORT
15,14,23603,581,SORTING ALGORITHM,MERGE SORT
15,15,22888,563,SORTING ALGORITHM,MERGE SORT
15,15,23126,569,SORTING ALGORITHM,MERGE SORT
15,15,24795,610,SORTING ALGORITHM,MERGE SORT
15,15,21934,539,SORTING ALGORITHM,MERGE SORT
15,15,21934,539,SORTING ALGORITHM,MERGE SORT
15,15,26941,663,SORTING ALGORITHM,MERGE SORT
17,10,27894,579,SORTING ALGORITHM,MERGE SORT
17,17,27894,579,SORTING ALGORITHM,MERGE SORT
17,17,29087,603,SORTING ALGORITHM,MERGE SORT
17,17,28133,584,SORTING ALGORITHM,MERGE SORT
17,17,29087,603,SORTING ALGORITHM,MERGE SORT
17,17,26226,544,SORTING ALGORITHM,MERGE SORT
17,17,28848,598,SORTING ALGORITHM,MERGE SORT
17,17,26702,554,SORTING ALGORITHM,MERGE SORT
19,9,33140,592,SORTING ALGORITHM,MERGE SORT
19,18,30040,536,SORTING ALGORITHM,MERGE SORT
19,19,29325,524,SORTING ALGORITHM,MERGE SORT
19,19,29802,532,SORTING ALGORITHM,MERGE SORT
19,19,28848,515,SORTING ALGORITHM,MERGE SORT
19,19,30040,536,SORTING ALGORITHM,MERGE SORT
19,19,30279,541,SORTING ALGORITHM,MERGE SORT
19,19,30994,554,SORTING ALGORITHM,MERGE SORT
22,9,36954,543,SORTING ALGORITHM,MERGE SORT
22,21,34093,501,SORTING ALGORITHM,MERGE SORT
22,22,32663,480,SORTING ALGORITHM,MERGE SORT
22,22,33140,487,SORTING ALGORITHM,MERGE SORT
22,22,38146,560,SORTING ALGORITHM,MERGE SORT
22,22,38146,560,SORTING ALGORITHM,MERGE SORT
22,22,44107,648,SORTING ALGORITHM,MERGE SORT
22,22,33140,487,SORTING ALGORITHM,MERGE SORT
25,9,42200,524,SORTING ALGORITHM,MERGE SORT
25,22,40769,506,SORTING ALGORITHM,MERGE SORT
25,24,38862,482,SORTING ALGORITHM,MERGE SORT
25,25,60319,749,SORTING ALGORITHM,MERGE SORT
25,25,53882,669,SORTING ALGORITHM,MERGE SORT
25,25,46968,583,SORTING ALGORITHM,MERGE SORT
25,25,45061,559,SORTING ALGORITHM,MERGE SORT
25,25,42915,533,SORTING ALGORITHM,MERGE SORT
28,10,47922,513,SORTING ALGORITHM,MERGE SORT
28,24,50067,536,SORTING ALGORITHM,MERGE SORT
28,28,41961,449,SORTING ALGORITHM,MERGE SORT
28,28,41961,449,SORTING ALGORITHM,MERGE SORT
28,28,41961,449,SORTING ALGORITHM,MERGE SORT
28,28,47206,505,SORTING ALGORITHM,MERGE SORT
28,28,47922,513,SORTING ALGORITHM,MERGE SORT
28,28,39815,426,SORTING ALGORITHM,MERGE SORT
31,11,49114,461,SORTING ALGORITHM,MERGE SORT
31,26,49114,461,SORTING ALGORITHM,MERGE SORT
31,30,47922,450,SORTING ALGORITHM,MERGE SORT
31,31,47922,450,SORTING ALGORITHM,MERGE SORT
31,31,46730,438,SORTING ALGORITHM,MERGE SORT
31,31,46014,432,SORTING ALGORITHM,MERGE SORT
31,31,49114,461,SORTING ALGORITHM,MERGE SORT
31,31,48160,452,SORTING ALGORITHM,MERGE SORT
35,11,58889,473,SORTING ALGORITHM,MERGE SORT
35,30,55074,442,SORTING ALGORITHM,MERGE SORT
35,35,53644,431,SORTING ALGORITHM,MERGE SORT
35,35,59127,475,SORTING ALGORITHM,MERGE SORT
35,35,54121,434,SORTING ALGORITHM,MERGE SORT
35,35,55074,442,SORTING ALGORITHM,MERGE SORT
35,35,55074,442,SORTING ALGORITHM,MERGE SORT
35,35,51975,417,SORTING ALGORITHM,MERGE SORT
39,10,61988,433,SORTING ALGORITHM,MERGE SORT
39,35,59127,413,SORTING ALGORITHM,MERGE SORT
39,38,58889,412,SORTING ALGORITHM,MERGE SORT
39,39,59127,413,SORTING ALGORITHM,MERGE SORT
39,39,60081,420,SORTING ALGORITHM,MERGE SORT
39,39,60081,420,SORTING ALGORITHM,MERGE SORT
39,39,62227,435,SORTING ALGORITHM,MERGE SORT
39,39,60796,425,SORTING ALGORITHM,MERGE SORT
44,11,73909,443,SORTING ALGORITHM,MERGE SORT
44,37,69856,419,SORTING ALGORITHM,MERGE SORT
44,44,61988,372,SORTING ALGORITHM,MERGE SORT
44,44,71763,430,SORTING ALGORITHM,MERGE SORT
44,44,62942,378,SORTING ALGORITHM,MERGE SORT
44,44,63896,383,SORTING ALGORITHM,MERGE SORT
44,44,61988,372,SORTING ALGORITHM,MERGE SORT
44,44,66041,396,SORTING ALGORITHM,MERGE SORT
50,11,83923,429,SORTING ALGORITHM,MERGE SORT
50,44,77009,393,SORTING ALGORITHM,MERGE SORT
50,47,72956,372,SORTING ALGORITHM,MERGE SORT
50,50,77962,398,SORTING ALGORITHM,MERGE SORT
50,50,78201,399,SORTING ALGORITHM,MERGE SORT
50,50,97990,500,SORTING ALGORITHM,MERGE SORT
50,50,77962,398,SORTING ALGORITHM,MERGE SORT
50,50,108718,555,SORTING ALGORITHM,MERGE SORT
56,11,93221,413,SORTING ALGORITHM,MERGE SORT
56,45,90122,399,SORTING ALGORITHM,MERGE SORT
56,55,92029,408,SORTING ALGORITHM,MERGE SORT
56,56,86784,384,SORTING ALGORITHM,MERGE SORT
56,56,87738,389,SORTING ALGORITHM,MERGE SORT
56,56,92983,412,SORTING ALGORITHM,MERGE SORT
56,56,90122,399,SORTING ALGORITHM,MERGE SORT
56,56,92029,408,SORTING ALGORITHM,MERGE SORT
63,11,114202,437,SORTING ALGORITHM,MERGE SORT
63,46,109910,421,SORTING ALGORITHM,MERGE SORT
63,63,101327,388,SORTING ALGORITHM,MERGE SORT
63,61,106096,406,SORTING ALGORITHM,MERGE SORT
63,63,113964,436,SORTING ALGORITHM,MERGE SORT
63,63,102758,393,SORTING ALGORITHM,MERGE SORT
63,63,98943,379,SORTING ALGORITHM,MERGE SORT
63,63,102996,394,SORTING ALGORITHM,MERGE SORT
70,11,118970,400,SORTING ALGORITHM,MERGE SORT
70,46,124931,420,SORTING ALGORITHM,MERGE SORT
70,68,121831,409,SORTING ALGORITHM,MERGE SORT
70,70,122785,412,SORTING ALGORITHM,MERGE SORT
70,70,119924,403,SORTING ALGORITHM,MERGE SORT
70,70,116348,391,SORTING ALGORITHM,MERGE SORT
70,70,115871,389,SORTING ALGORITHM,MERGE SORT
70,70,113964,383,SORTING ALGORITHM,MERGE SORT
79,11,134944,390,SORTING ALGORITHM,MERGE SORT
79,56,128030,370,SORTING ALGORITHM,MERGE SORT
79,79,113010,327,SORTING ALGORITHM,MERGE SORT
79,79,113248,328,SORTING ALGORITHM,MERGE SORT
79,79,158071,457,SORTING ALGORITHM,MERGE SORT
79,79,123023,356,SORTING ALGORITHM,MERGE SORT
79,79,115156,333,SORTING ALGORITHM,MERGE SORT
79,79,125408,363,SORTING ALGORITHM,MERGE SORT
89,11,137805,344,SORTING ALGORITHM,MERGE SORT
89,61,128984,322,SORTING ALGORITHM,MERGE SORT
89,87,128746,322,SORTING ALGORITHM,MERGE SORT
89,89,127077,318,SORTING ALGORITHM,MERGE SORT
89,89,126838,317,SORTING ALGORITHM,MERGE SORT
89,89,129222,323,SORTING ALGORITHM,MERGE SORT
89,89,356197,891,SORTING ALGORITHM,MERGE SORT
89,89,132799,332,SORTING ALGORITHM,MERGE SORT
100,11,157117,341,SORTING ALGORITHM,MERGE SORT
100,66,144958,314,SORTING ALGORITHM,MERGE SORT
100,96,141143,306,SORTING ALGORITHM,MERGE SORT
100,100,144958,314,SORTING ALGORITHM,MERGE SORT
100,99,145912,316,SORTING ALGORITHM,MERGE SORT
100,100,141859,308,SORTING ALGORITHM,MERGE SORT
100,100,142812,310,SORTING ALGORITHM,MERGE SORT
100,100,143051,310,SORTING ALGORITHM,MERGE SORT
112,11,179052,338,SORTING ALGORITHM,MERGE SORT
112,68,168085,318,SORTING ALGORITHM,MERGE SORT
112,104,164031,310,SORTING ALGORITHM,MERGE SORT
112,110,168323,318,SORTING ALGORITHM,MERGE SORT
112,112,163078,308,SORTING ALGORITHM,MERGE SORT
112,112,165224,312,SORTING ALGORITHM,MERGE SORT
112,112,169038,319,SORTING ALGORITHM,MERGE SORT
112,112,165224,312,SORTING ALGORITHM,MERGE SORT
125,11,206947,342,SORTING ALGORITHM,MERGE SORT
125,65,195026,323,SORTING ALGORITHM,MERGE SORT
125,116,190019,314,SORTING ALGORITHM,MERGE SORT
125,125,189304,313,SORTING ALGORITHM,MERGE SORT
125,125,193834,321,SORTING ALGORITHM,MERGE SORT
125,125,188827,312,SORTING ALGORITHM,MERGE SORT
125,125,190973,316,SORTING ALGORITHM,MERGE SORT
125,125,185728,307,SORTING ALGORITHM,MERGE SORT
141,11,219106,314,SORTING ALGORITHM,MERGE SORT
141,75,203132,291,SORTING ALGORITHM,MERGE SORT
141,130,200986,288,SORTING ALGORITHM,MERGE SORT
141,141,201225,288,SORTING ALGORITHM,MERGE SORT
141,141,199794,286,SORTING ALGORITHM,MERGE SORT
141,140,199317,285,SORTING ALGORITHM,MERGE SORT
141,141,201940,289,SORTING ALGORITHM,MERGE SORT
141,141,201225,288,SORTING ALGORITHM,MERGE SORT
158,11,246047,307,SORTING ALGORITHM,MERGE SORT
158,80,228166,285,SORTING ALGORITHM,MERGE SORT
158,148,222921,278,SORTING ALGORITHM,MERGE SORT
158,157,221967,277,SORTING ALGORITHM,MERGE SORT
158,158,219106,273,SORTING ALGORITHM,MERGE SORT
158,158,221967,277,SORTING ALGORITHM,MERGE SORT
158,158,207901,259,SORTING ALGORITHM,MERGE SORT
158,158,716924,896,SORTING ALGORITHM,MERGE SORT
177,11,254869,278,SORTING ALGORITHM,MERGE SORT
177,84,239133,261,SORTING ALGORITHM,MERGE SORT
177,166,231981,253,SORTING ALGORITHM,MERGE SORT
177,176,231266,252,SORTING ALGORITHM,MERGE SORT
177,177,235080,256,SORTING ALGORITHM,MERGE SORT
177,177,230312,251,SORTING ALGORITHM,MERGE SORT
177,177,233888,255,SORTING ALGORITHM,MERGE SORT
177,177,231027,252,SORTING ALGORITHM,MERGE SORT
199,11,284910,270,SORTING ALGORITHM,MERGE SORT
199,89,247955,235,SORTING ALGORITHM,MERGE SORT
199,176,219106,208,SORTING ALGORITHM,MERGE SORT
199,198,218152,207,SORTING ALGORITHM,MERGE SORT
199,199,217914,206,SORTING ALGORITHM,MERGE SORT
199,199,216960,205,SORTING ALGORITHM,MERGE SORT
199,199,218152,207,SORTING ALGORITHM,MERGE SORT
199,199,217676,206,SORTING ALGORITHM,MERGE SORT
223,11,282049,233,SORTING ALGORITHM,MERGE SORT
223,88,262022,217,SORTING ALGORITHM,MERGE SORT
223,199,256061,212,SORTING ALGORITHM,MERGE SORT
223,219,254869,211,SORTING ALGORITHM,MERGE SORT
223,222,254869,211,SORTING ALGORITHM,MERGE SORT
223,223,253915,210,SORTING ALGORITHM,MERGE SORT
223,223,258207,214,SORTING ALGORITHM,MERGE SORT
223,223,255823,212,SORTING ALGORITHM,MERGE SORT
251,11,320911,231,SORTING ALGORITHM,MERGE SORT
251,93,302076,217,SORTING ALGORITHM,MERGE SORT
251,220,296831,214,SORTING ALGORITHM,MERGE SORT
251,249,296831,214,SORTING ALGORITHM,MERGE SORT
251,251,300168,216,SORTING ALGORITHM,MERGE SORT
251,251,293016,211,SORTING ALGORITHM,MERGE SORT
251,251,298976,215,SORTING ALGORITHM,MERGE SORT
251,251,290632,209,SORTING ALGORITHM,MERGE SORT
281,11,386953,244,SORTING ALGORITHM,MERGE SORT
281,89,339746,214,SORTING ALGORITHM,MERGE SORT
281,245,327825,206,SORTING ALGORITHM,MERGE SORT
281,277,328302,207,SORTING ALGORITHM,MERGE SORT
281,280,335216,211,SORTING ALGORITHM,MERGE SORT
281,281,333786,210,SORTING ALGORITHM,MERGE SORT
281,281,329017,207,SORTING ALGORITHM,MERGE SORT
281,281,328063,207,SORTING ALGORITHM,MERGE SORT
316,11,408887,224,SORTING ALGORITHM,MERGE SORT
316,97,378131,207,SORTING ALGORITHM,MERGE SORT
316,269,368833,202,SORTING ALGORITHM,MERGE SORT
316,312,419139,230,SORTING ALGORITHM,MERGE SORT
316,315,369071,202,SORTING ALGORITHM,MERGE SORT
316,316,397920,218,SORTING ALGORITHM,MERGE SORT
316,316,413894,227,SORTING ALGORITHM,MERGE SORT
316,316,387191,212,SORTING ALGORITHM,MERGE SORT
354,11,443220,213,SORTING ALGORITHM,MERGE SORT
354,97,437021,210,SORTING ALGORITHM,MERGE SORT
354,306,409126,196,SORTING ALGORITHM,MERGE SORT
354,346,409841,197,SORTING ALGORITHM,MERGE SORT
354,354,436305,209,SORTING ALGORITHM,MERGE SORT
354,354,432014,207,SORTING ALGORITHM,MERGE SORT
354,354,407218,195,SORTING ALGORITHM,MERGE SORT
354,354,406026,195,SORTING ALGORITHM,MERGE SORT
398,11,501871,210,SORTING ALGORITHM,MERGE SORT
398,99,530958,222,SORTING ALGORITHM,MERGE SORT
398,330,458002,192,SORTING ALGORITHM,MERGE SORT
398,388,454902,190,SORTING ALGORITHM,MERGE SORT
398,398,452756,190,SORTING ALGORITHM,MERGE SORT
398,398,483036,202,SORTING ALGORITHM,MERGE SORT
398,398,462770,194,SORTING ALGORITHM,MERGE SORT
398,398,449180,188,SORTING ALGORITHM,MERGE SORT
446,11,611066,224,SORTING ALGORITHM,MERGE SORT
446,101,534057,196,SORTING ALGORITHM,MERGE SORT
446,361,510931,187,SORTING ALGORITHM,MERGE SORT
446,438,497817,182,SORTING ALGORITHM,MERGE SORT
446,445,506877,186,SORTING ALGORITHM,MERGE SORT
446,446,568866,209,SORTING ALGORITHM,MERGE SORT
446,446,579118,212,SORTING ALGORITHM,MERGE SORT
446,446,540018,198,SORTING ALGORITHM,MERGE SORT
501,11,709056,227,SORTING ALGORITHM,MERGE SORT
501,101,642061,206,SORTING ALGORITHM,MERGE SORT
501,400,656127,210,SORTING ALGORITHM,MERGE SORT
501,490,596046,191,SORTING ALGORITHM,MERGE SORT
501,501,597000,191,SORTING ALGORITHM,MERGE SORT
501,501,600099,192,SORTING ALGORITHM,MERGE SORT
501,501,595092,191,SORTING ALGORITHM,MERGE SORT
501,501,605821,194,SORTING ALGORITHM,MERGE SORT
562,11,781059,219,SORTING ALGORITHM,MERGE SORT
562,101,730037,205,SORTING ALGORITHM,MERGE SORT
562,426,679969,191,SORTING ALGORITHM,MERGE SORT
562,540,689983,193,SORTING ALGORITHM,MERGE SORT
562,560,682115,191,SORTING ALGORITHM,MERGE SORT
562,562,707149,198,SORTING ALGORITHM,MERGE SORT
562,562,709056,199,SORTING ALGORITHM,MERGE SORT
562,562,866174,243,SORTING ALGORITHM,MERGE SORT
630,11,1024961,252,SORTING ALGORITHM,MERGE SORT
630,100,845909,208,SORTING ALGORITHM,MERGE SORT
630,486,1090049,268,SORTING ALGORITHM,MERGE SORT
630,616,783920,193,SORTING ALGORITHM,MERGE SORT
630,627,878810,216,SORTING ALGORITHM,MERGE SORT
630,630,836133,205,SORTING ALGORITHM,MERGE SORT
630,630,802993,197,SORTING ALGORITHM,MERGE SORT
630,630,800132,197,SORTING ALGORITHM,MERGE SORT
707,11,965833,208,SORTING ALGORITHM,MERGE SORT
707,101,897169,193,SORTING ALGORITHM,MERGE SORT
707,505,838994,180,SORTING ALGORITHM,MERGE SORT
707,681,839948,181,SORTING ALGORITHM,MERGE SORT
707,707,810861,174,SORTING ALGORITHM,MERGE SORT
707,707,814914,175,SORTING ALGORITHM,MERGE SORT
707,707,858068,184,SORTING ALGORITHM,MERGE SORT
707,707,941991,203,SORTING ALGORITHM,MERGE SORT
794,11,1124858,212,SORTING ALGORITHM,MERGE SORT
794,101,1019954,192,SORTING ALGORITHM,MERGE SORT
794,546,999927,188,SORTING ALGORITHM,MERGE SORT
794,768,958204,180,SORTING ALGORITHM,MERGE SORT
794,790,984191,185,SORTING ALGORITHM,MERGE SORT
794,794,925064,174,SORTING ALGORITHM,MERGE SORT
794,794,967025,182,SORTING ALGORITHM,MERGE SORT
794,794,921010,173,SORTING ALGORITHM,MERGE SORT
891,11,1273155,210,SORTING ALGORITHM,MERGE SORT
891,100,1107931,183,SORTING ALGORITHM,MERGE SORT
891,589,1111030,183,SORTING ALGORITHM,MERGE SORT
891,841,1067161,176,SORTING ALGORITHM,MERGE SORT
891,887,1111984,183,SORTING ALGORITHM,MERGE SORT
891,891,1105785,182,SORTING ALGORITHM,MERGE SORT
891,891,1108884,183,SORTING ALGORITHM,MERGE SORT
891,891,1132011,187,SORTING ALGORITHM,MERGE SORT
1000,11,1525878,220,SORTING ALGORITHM,MERGE SORT
1000,101,1376867,199,SORTING ALGORITHM,MERGE SORT
1000,634,1216650,176,SORTING ALGORITHM,MERGE SORT
1000,952,1233816,178,SORTING ALGORITHM,MERGE SORT
1000,995,1248121,180,SORTING ALGORITHM,MERGE SORT
1000,1000,1224279,177,SORTING ALGORITHM,MERGE SORT
1000,1000,1343965,194,SORTING ALGORITHM,MERGE SORT
1000,1000,1292943,187,SORTING ALGORITHM,MERGE SORT
1122,11,1650810,209,SORTING ALGORITHM,MERGE SORT
1122,101,1496791,189,SORTING ALGORITHM,MERGE SORT
1122,677,1438856,182,SORTING ALGORITHM,MERGE SORT
1122,1063,1487970,188,SORTING ALGORITHM,MERGE SORT
1122,1111,1419067,180,SORTING ALGORITHM,MERGE SORT
1122,1122,1437187,182,SORTING ALGORITHM,MERGE SORT
1122,1122,1708984,216,SORTING ALGORITHM,MERGE SORT
1122,1122,1447200,183,SORTING ALGORITHM,MERGE SORT
1258,11,1913070,213,SORTING ALGORITHM,MERGE SORT
1258,101,1846075,205,SORTING ALGORITHM,MERGE SORT
1258,712,1694917,188,SORTING ALGORITHM,MERGE SORT
1258,1193,2180099,242,SORTING ALGORITHM,MERGE SORT
1258,1246,1568078,174,SORTING ALGORITHM,MERGE SORT
1258,1257,1636743,182,SORTING ALGORITHM,MERGE SORT
1258,1258,1566886,174,SORTING ALGORITHM,MERGE SORT
1258,1258,1661062,185,SORTING ALGORITHM,MERGE SORT
1412,11,2071142,202,SORTING ALGORITHM,MERGE SORT
1412,101,1917123,187,SORTING ALGORITHM,MERGE SORT
1412,760,1871109,182,SORTING ALGORITHM,MERGE SORT
1412,1311,1729965,168,SORTING ALGORITHM,MERGE SORT
1412,1403,1754045,171,SORTING ALGORITHM,MERGE SORT
1412,1412,1749992,170,SORTING ALGORITHM,MERGE SORT
1412,1412,1763105,172,SORTING ALGORITHM,MERGE SORT
1412,1412,1703977,166,SORTING ALGORITHM,MERGE SORT
1584,11,2414941,206,SORTING ALGORITHM,MERGE SORT
1584,101,2135992,183,SORTING ALGORITHM,MERGE SORT
1584,797,1968860,168,SORTING ALGORITHM,MERGE SORT
1584,1444,1977920,169,SORTING ALGORITHM,MERGE SORT
1584,1574,1917123,164,SORTING ALGORITHM,MERGE SORT
1584,1582,1958131,167,SORTING ALGORITHM,MERGE SORT
1584,1584,2002000,171,SORTING ALGORITHM,MERGE SORT
1584,1584,1977205,169,SORTING ALGORITHM,MERGE SORT
1778,11,2737283,205,SORTING ALGORITHM,MERGE SORT
1778,101,2509117,188,SORTING ALGORITHM,MERGE SORT
1778,841,2359151,177,SORTING ALGORITHM,MERGE SORT
1778,1633,2295017,172,SORTING ALGORITHM,MERGE SORT
1778,1762,2274036,170,SORTING ALGORITHM,MERGE SORT
1778,1777,2441883,183,SORTING ALGORITHM,MERGE SORT
1778,1778,2180099,163,SORTING ALGORITHM,MERGE SORT
1778,1778,2266883,170,SORTING ALGORITHM,MERGE SORT
1995,11,3333806,219,SORTING ALGORITHM,MERGE SORT
1995,101,2783060,183,SORTING ALGORITHM,MERGE SORT
1995,869,2683162,177,SORTING ALGORITHM,MERGE SORT
1995,1818,2618074,172,SORTING ALGORITHM,MERGE SORT
1995,1976,2656936,175,SORTING ALGORITHM,MERGE SORT
1995,1993,2614974,172,SORTING ALGORITHM,MERGE SORT
1995,1995,2666950,175,SORTING ALGORITHM,MERGE SORT
1995,1995,2766847,182,SORTING ALGORITHM,MERGE SORT
2238,11,3753900,217,SORTING ALGORITHM,MERGE SORT
2238,101,3082036,178,SORTING ALGORITHM,MERGE SORT
2238,894,3066062,177,SORTING ALGORITHM,MERGE SORT
2238,2000,2952814,171,SORTING ALGORITHM,MERGE SORT
2238,2214,2948999,170,SORTING ALGORITHM,MERGE SORT
2238,2235,2961158,171,SORTING ALGORITHM,MERGE SORT
2238,2238,2992868,173,SORTING ALGORITHM,MERGE SORT
2238,2238,3036975,175,SORTING ALGORITHM,MERGE SORT
2511,11,4426002,225,SORTING ALGORITHM,MERGE SORT
2511,101,3399848,172,SORTING ALGORITHM,MERGE SORT
2511,917,3360986,170,SORTING ALGORITHM,MERGE SORT
2511,2236,3206014,163,SORTING ALGORITHM,MERGE SORT
2511,2484,3285169,167,SORTING ALGORITHM,MERGE SORT
2511,2510,3320932,168,SORTING ALGORITHM,MERGE SORT
2511,2511,3366231,171,SORTING ALGORITHM,MERGE SORT
2511,2511,3361940,171,SORTING ALGORITHM,MERGE SORT
2818,11,5018234,224,SORTING ALGORITHM,MERGE SORT
2818,101,3806352,170,SORTING ALGORITHM,MERGE SORT
2818,941,3772974,168,SORTING ALGORITHM,MERGE SORT
2818,2458,3705263,165,SORTING ALGORITHM,MERGE SORT
2818,2777,3674268,164,SORTING ALGORITHM,MERGE SORT
2818,2814,3633260,162,SORTING ALGORITHM,MERGE SORT
2818,2818,3690004,164,SORTING ALGORITHM,MERGE SORT
2818,2818,3839969,171,SORTING ALGORITHM,MERGE SORT
3162,11,5376100,210,SORTING ALGORITHM,MERGE SORT
3162,101,4334211,170,SORTING ALGORITHM,MERGE SORT
3162,954,4228115,165,SORTING ALGORITHM,MERGE SORT
3162,2680,4170894,163,SORTING ALGORITHM,MERGE SORT
3162,3114,4186153,164,SORTING ALGORITHM,MERGE SORT
3162,3157,4204034,164,SORTING ALGORITHM,MERGE SORT
3162,3161,4066944,159,SORTING ALGORITHM,MERGE SORT
3162,3162,4172801,163,SORTING ALGORITHM,MERGE SORT
3548,11,6467819,223,SORTING ALGORITHM,MERGE SORT
3548,101,5011796,172,SORTING ALGORITHM,MERGE SORT
3548,977,4904985,169,SORTING ALGORITHM,MERGE SORT
3548,2971,4941940,170,SORTING ALGORITHM,MERGE SORT
3548,3496,4703044,162,SORTING ALGORITHM,MERGE SORT
3548,3540,4707098,162,SORTING ALGORITHM,MERGE SORT
3548,3548,4662990,160,SORTING ALGORITHM,MERGE SORT
3548,3548,4755973,163,SORTING ALGORITHM,MERGE SORT
3981,11,7693767,233,SORTING ALGORITHM,MERGE SORT
3981,101,5683898,172,SORTING ALGORITHM,MERGE SORT
3981,982,5457162,165,SORTING ALGORITHM,MERGE SORT
3981,3276,5567073,168,SORTING ALGORITHM,MERGE SORT
3981,3898,5531787,167,SORTING ALGORITHM,MERGE SORT
3981,3975,5644798,171,SORTING ALGORITHM,MERGE SORT
3981,3980,5440950,164,SORTING ALGORITHM,MERGE SORT
3981,3981,5540847,167,SORTING ALGORITHM,MERGE SORT
4466,11,8657932,230,SORTING ALGORITHM,MERGE SORT
4466,101,6438016,171,SORTING ALGORITHM,MERGE SORT
4466,998,6254196,166,SORTING ALGORITHM,MERGE SORT
4466,3597,6269931,167,SORTING ALGORITHM,MERGE SORT
4466,4377,6147861,163,SORTING ALGORITHM,MERGE SORT
4466,4458,6167888,164,SORTING ALGORITHM,MERGE SORT
4466,4465,6305217,167,SORTING ALGORITHM,MERGE SORT
4466,4466,6180286,164,SORTING ALGORITHM,MERGE SORT
5011,11,10235071,239,SORTING ALGORITHM,MERGE SORT
5011,101,7319211,171,SORTING ALGORITHM,MERGE SORT
5011,993,6980180,163,SORTING ALGORITHM,MERGE SORT
5011,3928,7031917,164,SORTING ALGORITHM,MERGE SORT
5011,4909,6896018,161,SORTING ALGORITHM,MERGE SORT
5011,4996,6887912,161,SORTING ALGORITHM,MERGE SORT
5011,5011,6866216,160,SORTING ALGORITHM,MERGE SORT
5011,5011,6963014,163,SORTING ALGORITHM,MERGE SORT
5623,11,12074947,248,SORTING ALGORITHM,MERGE SORT
5623,101,8276939,170,SORTING ALGORITHM,MERGE SORT
5623,999,8037090,165,SORTING ALGORITHM,MERGE SORT
5623,4294,7638931,157,SORTING ALGORITHM,MERGE SORT
5623,5482,8074998,166,SORTING ALGORITHM,MERGE SORT
5623,5606,7666349,157,SORTING ALGORITHM,MERGE SORT
5623,5620,7599115,156,SORTING ALGORITHM,MERGE SORT
5623,5622,7660150,157,SORTING ALGORITHM,MERGE SORT
6309,11,13458967,243,SORTING ALGORITHM,MERGE SORT
6309,101,9167909,166,SORTING ALGORITHM,MERGE SORT
6309,1001,8976221,162,SORTING ALGORITHM,MERGE SORT
6309,4674,8661985,156,SORTING ALGORITHM,MERGE SORT
6309,6070,8774042,158,SORTING ALGORITHM,MERGE SORT
6309,6290,8661985,156,SORTING ALGORITHM,MERGE SORT
6309,6307,8480072,153,SORTING ALGORITHM,MERGE SORT
6309,6309,8781194,159,SORTING ALGORITHM,MERGE SORT
7079,11,16406774,261,SORTING ALGORITHM,MERGE SORT
7079,101,10576009,168,SORTING ALGORITHM,MERGE SORT
7079,1000,10121107,161,SORTING ALGORITHM,MERGE SORT
7079,5059,9924173,158,SORTING ALGORITHM,MERGE SORT
7079,6846,10029077,159,SORTING ALGORITHM,MERGE SORT
7079,7056,10056018,160,SORTING ALGORITHM,MERGE SORT
7079,7075,9879827,157,SORTING ALGORITHM,MERGE SORT
7079,7078,9911775,157,SORTING ALGORITHM,MERGE SORT
7943,11,18576860,260,SORTING ALGORITHM,MERGE SORT
7943,101,12027978,168,SORTING ALGORITHM,MERGE SORT
7943,1001,11617183,162,SORTING ALGORITHM,MERGE SORT
7943,5487,11540889,161,SORTING ALGORITHM,MERGE SORT
7943,7642,11841058,166,SORTING ALGORITHM,MERGE SORT
7943,7914,11379003,159,SORTING ALGORITHM,MERGE SORT
7943,7941,11581897,162,SORTING ALGORITHM,MERGE SORT
7943,7943,11481761,160,SORTING ALGORITHM,MERGE SORT
8912,11,22036790,271,SORTING ALGORITHM,MERGE SORT
8912,101,13682126,168,SORTING ALGORITHM,MERGE SORT
8912,1001,13244867,163,SORTING ALGORITHM,MERGE SORT
8912,5877,12933254,159,SORTING ALGORITHM,MERGE SORT
8912,8549,12872934,158,SORTING ALGORITHM,MERGE SORT
8912,8856,12967109,159,SORTING ALGORITHM,MERGE SORT
8912,8910,12937068,159,SORTING ALGORITHM,MERGE SORT
8912,8912,12925863,159,SORTING ALGORITHM,MERGE SORT
10000,11,27320861,296,SORTING ALGORITHM,MERGE SORT
10000,101,15345096,166,SORTING ALGORITHM,MERGE SORT
10000,1001,14906883,161,SORTING ALGORITHM,MERGE SORT
10000,6313,14482021,157,SORTING ALGORITHM,MERGE SORT
10000,9518,14401197,156,SORTING ALGORITHM,MERGE SORT
10000,9959,14209032,154,SORTING ALGORITHM,MERGE SORT
10000,9994,14568805,158,SORTING ALGORITHM,MERGE SORT
10000,9999,14281034,155,SORTING ALGORITHM,MERGE SORT
11220,11,31390905,300,SORTING ALGORITHM,MERGE SORT
11220,101,16891002,161,SORTING ALGORITHM,MERGE SORT
11220,1001,16670227,159,SORTING ALGORITHM,MERGE SORT
11220,6695,16139030,154,SORTING ALGORITHM,MERGE SORT
11220,10606,16041040,153,SORTING ALGORITHM,MERGE SORT
11220,11142,16070365,153,SORTING ALGORITHM,MERGE SORT
11220,11217,15733003,150,SORTING ALGORITHM,MERGE SORT
11220,11219,16186952,154,SORTING ALGORITHM,MERGE SORT
12589,11,36606788,308,SORTING ALGORITHM,MERGE SORT
12589,101,19304990,162,SORTING ALGORITHM,MERGE SORT
12589,1001,18591165,156,SORTING ALGORITHM,MERGE SORT
12589,7110,18252134,153,SORTING ALGORITHM,MERGE SORT
12589,11838,17777204,149,SORTING ALGORITHM,MERGE SORT
12589,12502,18546104,156,SORTING ALGORITHM,MERGE SORT
12589,12585,18107891,152,SORTING ALGORITHM,MERGE SORT
12589,12589,18103837,152,SORTING ALGORITHM,MERGE SORT
14125,11,43339014,321,SORTING ALGORITHM,MERGE SORT
14125,101,22274255,165,SORTING ALGORITHM,MERGE SORT
14125,1001,21315097,157,SORTING ALGORITHM,MERGE SORT
14125,7559,20947217,155,SORTING ALGORITHM,MERGE SORT
14125,13183,20895957,154,SORTING ALGORITHM,MERGE SORT
14125,14009,20925283,155,SORTING ALGORITHM,MERGE SORT
14125,14115,20712852,153,SORTING ALGORITHM,MERGE SORT
14125,14125,20493030,151,SORTING ALGORITHM,MERGE SORT
15848,11,51730155,337,SORTING ALGORITHM,MERGE SORT
15848,101,25475740,166,SORTING ALGORITHM,MERGE SORT
15848,1001,24778127,161,SORTING ALGORITHM,MERGE SORT
15848,7980,23367881,152,SORTING ALGORITHM,MERGE SORT
15848,14668,23807048,155,SORTING ALGORITHM,MERGE SORT
15848,15743,25508880,166,SORTING ALGORITHM,MERGE SORT
15848,15832,23743152,154,SORTING ALGORITHM,MERGE SORT
15848,15847,24296998,158,SORTING ALGORITHM,MERGE SORT
17782,11,59833049,343,SORTING ALGORITHM,MERGE SORT
17782,101,29323816,168,SORTING ALGORITHM,MERGE SORT
17782,1001,27194023,156,SORTING ALGORITHM,MERGE SORT
17782,8316,26480197,152,SORTING ALGORITHM,MERGE SORT
17782,16287,26477813,152,SORTING ALGORITHM,MERGE SORT
17782,17596,26426076,151,SORTING ALGORITHM,MERGE SORT
17782,17769,26249885,150,SORTING ALGORITHM,MERGE SORT
17782,17780,26247739,150,SORTING ALGORITHM,MERGE SORT
19952,11,72453260,366,SORTING ALGORITHM,MERGE SORT
19952,101,31103849,157,SORTING ALGORITHM,MERGE SORT
19952,1001,30205011,152,SORTING ALGORITHM,MERGE SORT
19952,8603,30560970,154,SORTING ALGORITHM,MERGE SORT
19952,18111,30264139,153,SORTING ALGORITHM,MERGE SORT
19952,19739,29896974,151,SORTING ALGORITHM,MERGE SORT
19952,19931,29875993,151,SORTING ALGORITHM,MERGE SORT
19952,19952,30061006,152,SORTING ALGORITHM,MERGE SORT
22387,11,89910030,400,SORTING ALGORITHM,MERGE SORT
22387,101,36115169,161,SORTING ALGORITHM,MERGE SORT
22387,1001,34548044,154,SORTING ALGORITHM,MERGE SORT
22387,8946,34046888,151,SORTING ALGORITHM,MERGE SORT
22387,20092,33887147,151,SORTING ALGORITHM,MERGE SORT
22387,22115,33518791,149,SORTING ALGORITHM,MERGE SORT
22387,22361,32661914,145,SORTING ALGORITHM,MERGE SORT
22387,22384,32691955,145,SORTING ALGORITHM,MERGE SORT
25118,11,106601953,418,SORTING ALGORITHM,MERGE SORT
25118,101,40655136,159,SORTING ALGORITHM,MERGE SORT
25118,1001,38818120,152,SORTING ALGORITHM,MERGE SORT
25118,9182,38229942,150,SORTING ALGORITHM,MERGE SORT
25118,22250,37755250,148,SORTING ALGORITHM,MERGE SORT
25118,24814,37607908,147,SORTING ALGORITHM,MERGE SORT
25118,25087,37711143,148,SORTING ALGORITHM,MERGE SORT
25118,25113,38041114,149,SORTING ALGORITHM,MERGE SORT
28183,11,127553939,441,SORTING ALGORITHM,MERGE SORT
28183,101,46654939,161,SORTING ALGORITHM,MERGE SORT
28183,1001,44231891,153,SORTING ALGORITHM,MERGE SORT
28183,9414,43658018,151,SORTING ALGORITHM,MERGE SORT
28183,24590,43276071,149,SORTING ALGORITHM,MERGE SORT
28183,27782,43442964,150,SORTING ALGORITHM,MERGE SORT
28183,28144,43289184,149,SORTING ALGORITHM,MERGE SORT
28183,28179,43461084,150,SORTING ALGORITHM,MERGE SORT
31622,11,148193597,452,SORTING ALGORITHM,MERGE SORT
31622,101,53097009,162,SORTING ALGORITHM,MERGE SORT
31622,1001,51116943,156,SORTING ALGORITHM,MERGE SORT
31622,9569,50164937,153,SORTING ALGORITHM,MERGE SORT
31622,27138,50294876,153,SORTING ALGORITHM,MERGE SORT
31622,31128,49917936,152,SORTING ALGORITHM,MERGE SORT
31622,31578,49619913,151,SORTING ALGORITHM,MERGE SORT
31622,31615,49964904,152,SORTING ALGORITHM,MERGE SORT
35481,11,185190200,498,SORTING ALGORITHM,MERGE SORT
35481,101,60412168,162,SORTING ALGORITHM,MERGE SORT
35481,1001,57713031,155,SORTING ALGORITHM,MERGE SORT
35481,9730,56517124,152,SORTING ALGORITHM,MERGE SORT
35481,29954,56216716,151,SORTING ALGORITHM,MERGE SORT
35481,34783,56019306,150,SORTING ALGORITHM,MERGE SORT
35481,35404,56346893,151,SORTING ALGORITHM,MERGE SORT
35481,35473,55834054,150,SORTING ALGORITHM,MERGE SORT
39810,11,229073047,543,SORTING ALGORITHM,MERGE SORT
39810,101,68028926,161,SORTING ALGORITHM,MERGE SORT
39810,1001,64568996,153,SORTING ALGORITHM,MERGE SORT
39810,9811,62905073,149,SORTING ALGORITHM,MERGE SORT
39810,32876,62757253,148,SORTING ALGORITHM,MERGE SORT
39810,39039,62395095,147,SORTING ALGORITHM,MERGE SORT
39810,39735,62206983,147,SORTING ALGORITHM,MERGE SORT
39810,39799,62616109,148,SORTING ALGORITHM,MERGE SORT
44668,11,291425943,609,SORTING ALGORITHM,MERGE SORT
44668,101,76122045,159,SORTING ALGORITHM,MERGE SORT
44668,1001,71361064,149,SORTING ALGORITHM,MERGE SORT
44668,9876,70665121,147,SORTING ALGORITHM,MERGE SORT
44668,35973,69948911,146,SORTING ALGORITHM,MERGE SORT
44668,43672,69419860,145,SORTING ALGORITHM,MERGE SORT
44668,44577,69185018,144,SORTING ALGORITHM,MERGE SORT
44668,44657,69121122,144,SORTING ALGORITHM,MERGE SORT
50118,11,329318284,607,SORTING ALGORITHM,MERGE SORT
50118,101,86833238,160,SORTING ALGORITHM,MERGE SORT
50118,1001,80470800,148,SORTING ALGORITHM,MERGE SORT
50118,9930,79680919,146,SORTING ALGORITHM,MERGE SORT
50118,39308,79084873,145,SORTING ALGORITHM,MERGE SORT
50118,48863,77964067,143,SORTING ALGORITHM,MERGE SORT
50118,49995,77338695,142,SORTING ALGORITHM,MERGE SORT
50118,50106,77661991,143,SORTING ALGORITHM,MERGE SORT
56234,11,421885967,685,SORTING ALGORITHM,MERGE SORT
56234,101,97829818,159,SORTING ALGORITHM,MERGE SORT
56234,1001,92205047,149,SORTING ALGORITHM,MERGE SORT
56234,9958,90929269,147,SORTING ALGORITHM,MERGE SORT
56234,43057,89313030,145,SORTING ALGORITHM,MERGE SORT
56234,54724,89197635,145,SORTING ALGORITHM,MERGE SORT
56234,56079,89410066,145,SORTING ALGORITHM,MERGE SORT
56234,56213,90310811,146,SORTING ALGORITHM,MERGE SORT
63095,11,488151788,700,SORTING ALGORITHM,MERGE SORT
63095,101,112117052,160,SORTING ALGORITHM,MERGE SORT
63095,1001,105841875,151,SORTING ALGORITHM,MERGE SORT
63095,9977,103836774,148,SORTING ALGORITHM,MERGE SORT
63095,46944,103248119,148,SORTING ALGORITHM,MERGE SORT
63095,61092,102479219,146,SORTING ALGORITHM,MERGE SORT
63095,62889,102100133,146,SORTING ALGORITHM,MERGE SORT
63095,63071,102379083,146,SORTING ALGORITHM,MERGE SORT
70794,11,614292860,777,SORTING ALGORITHM,MERGE SORT
70794,101,126607179,160,SORTING ALGORITHM,MERGE SORT
70794,1001,118632078,150,SORTING ALGORITHM,MERGE SORT
70794,9992,117197036,148,SORTING ALGORITHM,MERGE SORT
70794,50656,115975856,146,SORTING ALGORITHM,MERGE SORT
70794,68321,115450143,146,SORTING ALGORITHM,MERGE SORT
70794,70556,115978956,146,SORTING ALGORITHM,MERGE SORT
70794,70769,115370035,145,SORTING ALGORITHM,MERGE SORT
79432,11,747999191,834,SORTING ALGORITHM,MERGE SORT
79432,101,141947746,158,SORTING ALGORITHM,MERGE SORT
79432,1001,132316827,147,SORTING ALGORITHM,MERGE SORT
79432,9999,130832910,145,SORTING ALGORITHM,MERGE SORT
79432,54778,129519224,144,SORTING ALGORITHM,MERGE SORT
79432,76460,129778861,144,SORTING ALGORITHM,MERGE SORT
79432,79099,128213167,143,SORTING ALGORITHM,MERGE SORT
79432,79410,128446102,143,SORTING ALGORITHM,MERGE SORT
89125,11,928671121,914,SORTING ALGORITHM,MERGE SORT
89125,101,159550905,157,SORTING ALGORITHM,MERGE SORT
89125,1001,148503065,146,SORTING ALGORITHM,MERGE SORT
89125,10000,146160125,143,SORTING ALGORITHM,MERGE SORT
89125,59053,144587993,142,SORTING ALGORITHM,MERGE SORT
89125,85209,143744707,141,SORTING ALGORITHM,MERGE SORT
89125,88733,143146991,140,SORTING ALGORITHM,MERGE SORT
89125,89087,142439126,140,SORTING ALGORITHM,MERGE SORT
100000,11,1219111204,1058,SORTING ALGORITHM,MERGE SORT
100000,101,180254936,156,SORTING ALGORITHM,MERGE SORT
100000,1001,165253162,143,SORTING ALGORITHM,MERGE SORT
100000,9999,163772106,142,SORTING ALGORITHM,MERGE SORT
100000,63226,165178060,143,SORTING ALGORITHM,MERGE SORT
100000,95133,160624027,139,SORTING ALGORITHM,MERGE SORT
100000,99470,161385297,140,SORTING ALGORITHM,MERGE SORT
100000,99946,160656929,139,SORTING ALGORITHM,MERGE SORT
112201,11,1467985153,1125,SORTING ALGORITHM,MERGE SORT
112201,101,212307214,162,SORTING ALGORITHM,MERGE SORT
112201,1001,191040039,146,SORTING ALGORITHM,MERGE SORT
112201,10001,190078973,145,SORTING ALGORITHM,MERGE SORT
112201,67288,186573743,143,SORTING ALGORITHM,MERGE SORT
112201,106121,184770107,141,SORTING ALGORITHM,MERGE SORT
112201,111542,184338331,141,SORTING ALGORITHM,MERGE SORT
112201,112131,185384035,142,SORTING ALGORITHM,MERGE SORT
125892,11,1762006044,1191,SORTING ALGORITHM,MERGE SORT
125892,101,239840030,162,SORTING ALGORITHM,MERGE SORT
125892,1001,218480825,147,SORTING ALGORITHM,MERGE SORT
125892,10001,214993953,145,SORTING ALGORITHM,MERGE SORT
125892,71565,211321115,142,SORTING ALGORITHM,MERGE SORT
125892,118280,211667776,143,SORTING ALGORITHM,MERGE SORT
125892,125057,209439039,141,SORTING ALGORITHM,MERGE SORT
125892,125810,209419965,141,SORTING ALGORITHM,MERGE SORT
141253,11,2218801975,1324,SORTING ALGORITHM,MERGE SORT
141253,101,274678945,163,SORTING ALGORITHM,MERGE SORT
141253,1001,244605779,146,SORTING ALGORITHM,MERGE SORT
141253,10001,240447998,143,SORTING ALGORITHM,MERGE SORT
141253,75562,242392063,144,SORTING ALGORITHM,MERGE SORT
141253,131778,236882209,141,SORTING ALGORITHM,MERGE SORT
141253,140251,237885951,142,SORTING ALGORITHM,MERGE SORT
141253,141156,237720012,141,SORTING ALGORITHM,MERGE SORT
158489,11,2776893854,1463,SORTING ALGORITHM,MERGE SORT
158489,101,311144828,163,SORTING ALGORITHM,MERGE SORT
158489,1001,271079778,142,SORTING ALGORITHM,MERGE SORT
158489,10001,270532846,142,SORTING ALGORITHM,MERGE SORT
158489,79593,266273975,140,SORTING ALGORITHM,MERGE SORT
158489,146648,264675140,139,SORTING ALGORITHM,MERGE SORT
158489,157265,263501882,138,SORTING ALGORITHM,MERGE SORT
158489,158369,265999078,140,SORTING ALGORITHM,MERGE SORT
177827,11,3386008024,1575,SORTING ALGORITHM,MERGE SORT
177827,101,347604274,161,SORTING ALGORITHM,MERGE SORT
177827,1001,304514884,141,SORTING ALGORITHM,MERGE SORT
177827,10001,301271915,140,SORTING ALGORITHM,MERGE SORT
177827,83251,299672126,139,SORTING ALGORITHM,MERGE SORT
177827,162924,294903993,137,SORTING ALGORITHM,MERGE SORT
177827,176246,294344902,136,SORTING ALGORITHM,MERGE SORT
177827,177669,294814348,137,SORTING ALGORITHM,MERGE SORT
199526,11,4387902021,1802,SORTING ALGORITHM,MERGE SORT
199526,101,392826318,161,SORTING ALGORITHM,MERGE SORT
199526,1001,343214273,140,SORTING ALGORITHM,MERGE SORT
199526,10001,336297988,138,SORTING ALGORITHM,MERGE SORT
199526,86491,334617137,137,SORTING ALGORITHM,MERGE SORT
199526,180853,328448057,134,SORTING ALGORITHM,MERGE SORT
199526,197439,330946922,135,SORTING ALGORITHM,MERGE SORT
199526,199328,330943822,135,SORTING ALGORITHM,MERGE SORT
223872,11,5375936985,1949,SORTING ALGORITHM,MERGE SORT
223872,101,458338022,166,SORTING ALGORITHM,MERGE SORT
223872,1001,389621019,141,SORTING ALGORITHM,MERGE SORT
223872,10001,388808965,140,SORTING ALGORITHM,MERGE SORT
223872,89347,381951093,138,SORTING ALGORITHM,MERGE SORT
223872,200432,384382963,139,SORTING ALGORITHM,MERGE SORT
223872,221304,380338907,137,SORTING ALGORITHM,MERGE SORT
223872,223624,377733945,136,SORTING ALGORITHM,MERGE SORT
251188,11,6583268880,2107,SORTING ALGORITHM,MERGE SORT
251188,101,535393953,171,SORTING ALGORITHM,MERGE SORT
251188,1001,446673154,143,SORTING ALGORITHM,MERGE SORT
251188,10001,444243192,142,SORTING ALGORITHM,MERGE SORT
251188,91986,436796903,139,SORTING ALGORITHM,MERGE SORT
251188,222176,435222148,139,SORTING ALGORITHM,MERGE SORT
251188,248028,439137935,140,SORTING ALGORITHM,MERGE SORT
251188,250878,437478780,140,SORTING ALGORITHM,MERGE SORT
281838,11,8275555133,2339,SORTING ALGORITHM,MERGE SORT
281838,101,606038093,171,SORTING ALGORITHM,MERGE SORT
281838,1001,505372047,142,SORTING ALGORITHM,MERGE SORT
281838,10001,499502182,141,SORTING ALGORITHM,MERGE SORT
281838,94031,490242004,138,SORTING ALGORITHM,MERGE SORT
281838,245481,484397172,136,SORTING ALGORITHM,MERGE SORT
281838,277964,484822034,137,SORTING ALGORITHM,MERGE SORT
281838,281444,484122037,136,SORTING ALGORITHM,MERGE SORT
316227,11,10490853786,2619,SORTING ALGORITHM,MERGE SORT
316227,101,687125921,171,SORTING ALGORITHM,MERGE SORT
316227,1001,560972929,140,SORTING ALGORITHM,MERGE SORT
316227,10001,553050041,138,SORTING ALGORITHM,MERGE SORT
316227,95794,547702074,136,SORTING ALGORITHM,MERGE SORT
316227,271174,542322158,135,SORTING ALGORITHM,MERGE SORT
316227,311355,540046930,134,SORTING ALGORITHM,MERGE SORT
316227,315709,542103052,135,SORTING ALGORITHM,MERGE SORT
354813,11,12882701158,2841,SORTING ALGORITHM,MERGE SORT
354813,101,776847124,171,SORTING ALGORITHM,MERGE SORT
354813,1001,626056909,138,SORTING ALGORITHM,MERGE SORT
354813,10001,615049123,135,SORTING ALGORITHM,MERGE SORT
354813,97189,608868837,134,SORTING ALGORITHM,MERGE SORT
354813,298533,606673955,133,SORTING ALGORITHM,MERGE SORT
354813,348579,600834131,132,SORTING ALGORITHM,MERGE SORT
354813,354232,600879907,132,SORTING ALGORITHM,MERGE SORT
398107,11,15968540906,3110,SORTING ALGORITHM,MERGE SORT
398107,101,896383047,174,SORTING ALGORITHM,MERGE SORT
398107,1001,698541164,136,SORTING ALGORITHM,MERGE SORT
398107,10001,690927982,134,SORTING ALGORITHM,MERGE SORT
398107,98086,683997869,133,SORTING ALGORITHM,MERGE SORT
398107,328339,678539037,132,SORTING ALGORITHM,MERGE SORT
398107,390302,675520896,131,SORTING ALGORITHM,MERGE SORT
398107,397328,674199104,131,SORTING ALGORITHM,MERGE SORT
446683,11,19894222736,3423,SORTING ALGORITHM,MERGE SORT
446683,101,1056885004,181,SORTING ALGORITHM,MERGE SORT
446683,1001,800059795,137,SORTING ALGORITHM,MERGE SORT
446683,10001,791019916,136,SORTING ALGORITHM,MERGE SORT
446683,98883,782540798,134,SORTING ALGORITHM,MERGE SORT
446683,360701,775044918,133,SORTING ALGORITHM,MERGE SORT
446683,436915,772563934,132,SORTING ALGORITHM,MERGE SORT
446683,445706,774615049,133,SORTING ALGORITHM,MERGE SORT
501187,11,25622264146,3895,SORTING ALGORITHM,MERGE SORT
501187,101,1217779874,185,SORTING ALGORITHM,MERGE SORT
501187,1001,917092800,139,SORTING ALGORITHM,MERGE SORT
501187,10001,910732030,138,SORTING ALGORITHM,MERGE SORT
501187,99311,902136087,137,SORTING ALGORITHM,MERGE SORT
501187,394488,887553930,134,SORTING ALGORITHM,MERGE SORT
501187,488842,884245157,134,SORTING ALGORITHM,MERGE SORT
501187,499969,884156942,134,SORTING ALGORITHM,MERGE SORT
562341,11,31601439952,4244,SORTING ALGORITHM,MERGE SORT
562341,101,1403408765,188,SORTING ALGORITHM,MERGE SORT
562341,1001,1036238908,139,SORTING ALGORITHM,MERGE SORT
562341,10001,1022129774,137,SORTING ALGORITHM,MERGE SORT
562341,99624,1015582084,136,SORTING ALGORITHM,MERGE SORT
562341,430148,1003207921,134,SORTING ALGORITHM,MERGE SORT
562341,546697,1000849008,134,SORTING ALGORITHM,MERGE SORT
562341,560729,1000904321,134,SORTING ALGORITHM,MERGE SORT
630957,11,40616134166,4820,SORTING ALGORITHM,MERGE SORT
630957,101,1646809101,195,SORTING ALGORITHM,MERGE SORT
630957,1001,1158532857,137,SORTING ALGORITHM,MERGE SORT
630957,10001,1149171829,136,SORTING ALGORITHM,MERGE SORT
630957,99808,1138853311,135,SORTING ALGORITHM,MERGE SORT
630957,468338,1122375011,133,SORTING ALGORITHM,MERGE SORT
630957,611449,1117362976,132,SORTING ALGORITHM,MERGE SORT
630957,628989,1114710092,132,SORTING ALGORITHM,MERGE SORT
707945,11,49449187755,5185,SORTING ALGORITHM,MERGE SORT
707945,101,1872586965,196,SORTING ALGORITHM,MERGE SORT
707945,1001,1292564153,135,SORTING ALGORITHM,MERGE SORT
707945,10001,1281278133,134,SORTING ALGORITHM,MERGE SORT
707945,99907,1266264915,132,SORTING ALGORITHM,MERGE SORT
707945,507289,1248785734,130,SORTING ALGORITHM,MERGE SORT
707945,683366,1244590044,130,SORTING ALGORITHM,MERGE SORT
707945,705435,1243223190,130,SORTING ALGORITHM,MERGE SORT
794328,11,65367553949,6057,SORTING ALGORITHM,MERGE SORT
794328,101,2235249757,207,SORTING ALGORITHM,MERGE SORT
794328,1001,1447844028,134,SORTING ALGORITHM,MERGE SORT
794328,10001,1431767940,132,SORTING ALGORITHM,MERGE SORT
794328,99965,1419538974,131,SORTING ALGORITHM,MERGE SORT
794328,548162,1401272058,129,SORTING ALGORITHM,MERGE SORT
794328,763799,1398586988,129,SORTING ALGORITHM,MERGE SORT
794328,791113,1392686128,129,SORTING ALGORITHM,MERGE SORT
891250,11,79191128015,6485,SORTING ALGORITHM,MERGE SORT
891250,101,2627051115,215,SORTING ALGORITHM,MERGE SORT
891250,1001,1662872076,136,SORTING ALGORITHM,MERGE SORT
891250,10001,1641793012,134,SORTING ALGORITHM,MERGE SORT
891250,99990,1630270957,133,SORTING ALGORITHM,MERGE SORT
891250,589894,1607714891,131,SORTING ALGORITHM,MERGE SORT
891250,852435,1602977991,131,SORTING ALGORITHM,MERGE SORT
891250,887434,1597266912,130,SORTING ALGORITHM,MERGE SORT
